min,max,mean,std,p5,p50,p95,file
-28.403533935546875,30.07068634033203,0.004165271297097206,2.1832518577575684,-3.6641225814819336,0.0917062759399414,3.3782854080200195,outputs/delta_ratio.tif
